[
  {
    "q": "How can I reset my password?",
    "a": "To reset your password go to Settings > Account > Reset Password. You will receive a reset link."
  },
  {
    "q": "What are your working hours?",
    "a": "Our hours are Monday to Friday, 9 AM to 5 PM."
  },
  {
    "q": "How do I contact customer support?",
    "a": "Email support@example.com or call +92-300-0000000."
  },
  {
    "q": "Do you offer refunds?",
    "a": "Yes, within 14 days if unused."
  },
  {
    "q": "How do I change my email address?",
    "a": "Go to Settings > Profile > Edit Email and verify the new one."
  }
]